Univers;Sous-categorie;Titre de l'objet;Nom de l'image;Lien Amazon;
Animalerie;Chat;Feandrea Arbre à Chat — 137,7 cm, Multi-Niveaux;feandrea-arbre-a-chat.jpg;https://amzn.to/4A3bY13;VRAI
Animalerie;Chat;Oneisall Distributeur de Croquettes Automatique WiFi;oneisall-distributeur-croquettes-chat.jpg;https://amzn.to/3V2dIaJ;VRAI
Animalerie;Chat;Fontaine à Eau Chat sans Fil — 2,6 L;generique-fontaine-a-eau-chat.jpg;https://amzn.to/3UG8YYm;VRAI
Animalerie;Chat;Dr Jieer Collier Chat Anti-Étranglement — lot de 6;dr-jieer-collier-chat-anti-etranglement.jpg;https://amzn.to/4xhNiiK;VRAI
Animalerie;Chat;Candure Brosse de Toilettage Professionnelle — Chien et Chat;candure-brosse-chien-chat.jpg;https://amzn.to/3ViHQ1D;VRAI
Animalerie;Chien;Xben Gamelle Chien Surélevée — 5 hauteurs ajustables;xben-gamelle-chien-surelevee.jpg;https://amzn.to/4xfnrIf;VRAI
Animalerie;Chien;Eheyciga Panier Chien Orthopédique — 112 x 81 x 16,5 cm;eheyciga-panier-chien-orthopedique.jpg;https://amzn.to/4xe8tlW;VRAI
Animalerie;Chien;Eagloo Harnais Anti-Traction Chien — Noir, Taille L;eagloo-harnais-anti-traction-chien.jpg;https://amzn.to/4h0oeqB;VRAI
Extérieur;Autres;Netatmo Station Météo ORIGINAL;netatmo-station-meteo.jpg;https://amzn.to/4iadnMO;VRAI
Extérieur;Autres;Greensun Prise Connectée WiFi Extérieure;greensun-prise-connectee-wifi-exterieure.jpg;https://amzn.to/46AQQBJ;VRAI
Extérieur;Caméras;Philips WelcomeEye Wireless;philips-welcomeeye-wireless.jpg;https://amzn.to/4zS9m69;VRAI
Extérieur;Jardins;Sunseeker S4 — Robot Tondeuse sans Fil Périphérique pour 1000 m²;sunseeker-s4-robot-tondeuse.jpg;https://amzn.to/4yoo4QL;VRAI
Extérieur;Jardins;Zenitech Bloc étanche IP44 — 5 Prises 16A;zenitech-bloc-etanche-ip44.jpg;https://amzn.to/4A6V55B;VRAI
Extérieur;Lumières;Govee Guirlande Lumineuse d'extérieur;govee-guirlande-lumineuse-exterieure.jpg;https://www.amazon.fr/Govee-dExt%C3%A9rieur-Intelligente-Fonctionne-Application/dp/B0CXHJRY2M?crid=1R59YJ6R0X5YK&dib=eyJ2IjoiMSJ9.rUC_VsuMdTO9hhFgwzoZ65sfZnFfwZIDXnHkjvBItCBn6TP1-pLoJMWD-YB0MNSzIkNGTvCwHwsH3A08u9yNhAH7jiGhwK__v-gf6z0J-oKaGXYNxexrYXVnjB2kqKAWpkC1hZ6bPGDA-cvsDoO-jLDTsM3peOtG8f2ReMY3bwXf2ljGAOzxaE6YjE7HSiBxh7TM9PwRDYcVez66Wqir8Xk2S_-7-CDJzt6HPaCGIt7iuDdYoRen69_k7skDKFwxYgWlg0ZF-7v39x4f9rKtG3b2twF0XKl4lH5KWzN0fx0.FarDUbkmJ5tyNy8sa7tMxumyQdLP5loCcqoTe5aC4Kc&dib_tag=se&keywords=objets+connect%C3%A9s+ext%C3%A9rieur&qid=1788392923&sprefix=objets+connect%C3%A9s+ext%C3%A9rieur,aps,195&sr=8-33-spons&aref=4Irsm4k0Zh&sp_csd=d2lkZ2V0TmFtZT1zcF9tdGY&psc=1&linkCode=ll2&tag=whatelsebyvin-21&linkId=e675522e322e4bcb8fa39cb86b9a4fbc&ref_=as_li_ss_tl;VRAI
High-Tech;Audio & enceintes connectées;Echo Show 5 (3e génération) — L\;echoshow5.jpg;https://www.amazon.fr/dp/B09B2S8WKD;VRAI
High-Tech;Audio & enceintes connectées;Sonos Era 100;sonos-era-100.jpg;https://www.amazon.fr/dp/B0BXLJN2QC?tag=whatelsebyvin-21&utm_source=Pinterest&utm_medium=organic;VRAI
High-Tech;Audio & enceintes connectées;Bose Portable Smart Speaker;bose-portable-smart-speaker.jpg;https://www.amazon.fr/dp/B07W4CM3SC?tag=whatelsebyvin-21&utm_source=Pinterest&utm_medium=organic;VRAI
High-Tech;Audio & enceintes connectées;Echo Dot Max;amazon-echo-dot-max.jpg;https://www.amazon.fr/dp/B0DKLFHZDH?tag=whatelsebyvin-21&utm_source=Pinterest&utm_medium=organic;VRAI
High-Tech;Audio & enceintes connectées;Echo Dot (nouvelle génération);amazon-echo-dot-nouvelle-generation.jpg;https://amzn.to/3SVWBXx;VRAI
High-Tech;Audio & enceintes connectées;Echo Spot;amazon-echo-spot.jpg;https://www.amazon.fr/dp/B0C2S2J7JP?tag=whatelsebyvin-21&utm_source=Pinterest&utm_medium=organic;VRAI
High-Tech;Montres & bracelets connectés;Apple Watch Ultra 3;apple-watch-ultra-3.jpg;https://amzn.to/4gERsuF;VRAI
High-Tech;Montres & bracelets connectés;Apple Watch Series 11;apple-watch-series-11.jpg;https://amzn.to/4hX2Qoa;VRAI
High-Tech;Montres & bracelets connectés;Whithings ScanWatch 2;withings-scanwatch-2.jpg;https://amzn.to/4i3l6w5;VRAI
High-Tech;Montres & bracelets connectés;Xiaomi Redmi Watch 6;xiaomi-redmi-redmi-watch-6.jpg;https://amzn.to/4gCTn2X;VRAI
High-Tech;Montres & bracelets connectés;Xiaomi Smart Band 10;xiaomi-smart-band-10.jpg;https://amzn.to/4qDN5Vf;VRAI
High-Tech;PC & Portables;"Huawei MatePad Air 12"" OLED";huawei-matepad-air-12-oled.jpg;https://amzn.to/4gwr1c1;VRAI
High-Tech;PC & Portables;Asus Zenbook 14 (Ryzen 7 8840HS);asus-zenbook-14-ryzen7.jpg;https://amzn.to/4y7W3g6;VRAI
High-Tech;PC & Portables;Acer Chromebook Spin 314;acer-chromebook-spin-314.jpg;https://amzn.to/4gOlBYL;VRAI
High-Tech;PC & Portables;Lenovo IdeaPad Slim 3 15AMN8;lenovo-ideapad-slim-3-15amn8.jpg;https://amzn.to/3UxFXOn;VRAI
High-Tech;Téléphonie;iPhone 17 Pro 256 Go;apple-iphone-17-pro-256-go.jpg;https://amzn.to/4gH5hsA;VRAI
High-Tech;Téléphonie;SAMSUNG Galaxy S26;samsung-galaxy-s26.jpg;https://amzn.to/4xzvPn4;VRAI
High-Tech;Téléphonie;Google Pixel 10 Pro;google-pixel-10-pro.jpg;https://amzn.to/4y89ixp;VRAI
High-Tech;Téléphonie;XIAOMI POCO F8 Ultra;xiaomi-poco-f8-ultra.jpg;https://amzn.to/4iBO9Hg;VRAI
High-Tech;TV & divertissement;"XIAOMI TV F 65"" (2026)";xiaomi-tv-f-65-pouces.jpg;https://www.amazon.fr/dp/B0F457MQCQ?tag=whatelsebyvin-21;VRAI
High-Tech;TV & divertissement;TCL C1 vidéoprojecteur Google TV;tcl-c1-videoprojecteur-google-tv.jpg;https://www.amazon.fr/dp/B0FGJC449H?tag=whatelsebyvin-21&utm_source=Pinterest&utm_medium=organic;VRAI
High-Tech;TV & divertissement;Amazon Fire TV Stick 4K Max — Wi-Fi 6E;amazon-fire-tv-stick-4k-max-wi-fi-6e.jpg;https://www.amazon.fr/dp/B0CW4HD359?tag=whatelsebyvin-21;VRAI
High-Tech;TV & divertissement;Chromecast with Google TV 4K;chromecast-with-google-tv-4k.jpg;https://www.amazon.fr/dp/B0C2GP4DWZ?tag=whatelsebyvin-21;VRAI
High-Tech;TV & divertissement;Poseidon D60 — barre 5.1 Dolby Atmos;ultimea-poseidon-d60-ensemble-5-1.jpg;https://www.amazon.fr/dp/B0FMRFNKNL?tag=whatelsebyvin-21;VRAI
Maison;Arts de la table;Sous-Verres en Liège — 6 pièces;generique-dessous-plat-liege.jpg;;FAUX
Maison;Arts de la table;Glasmark KROSNO 1992 — 6 pièces, 250 ml;krosno-glasmark-1992-verres.jpg;;FAUX
Maison;Arts de la table;Krosno Verres à Eau — lot de 6, 440 ml;krosno-verres-a-eau.jpg;;FAUX
Maison;Arts de la table;Pradel Essentiel Rising Sun — service 24 couverts, 6 personnes;pradel-essentiel-rising-sun.jpg;;FAUX
Maison;Arts de la table;Xideman Couverts de Table 24 pièces martelées noirs;xideman-couverts-de-table-24-pieces.jpg;;FAUX
Maison;Arts de la table;La Méditérranéa Assiette Plate 26 cm Peixe — 6 pièces;la-mediterranea-assiette-plate-peixe.jpg;;FAUX
Maison;Arts de la table;Pure Service de Table 24 pièces — 6 personnes;pure-living-service-de-table-24-pieces.jpg;;FAUX
Maison;Arts de la table;Moritz VIDA — service de table 18 pièces, 6 personnes;moritz-moritz-vida-service-de-table.jpg;;FAUX
Maison;Arts de la table;Lot de 6 Sets de Table Tissé lavable;myir-jun-sets-de-table-tisse.jpg;;FAUX
Maison;Arts de la table;Set de Table PVC Antidérapant — lot de 6;chaochi-set-de-table-pvc.jpg;;FAUX
Maison;Bien-être;Cocorrina  Diffuseur Parfum Maison;cocorrina-diffuseur-parfum-maison.jpg;;FAUX
Maison;Bien-être;Dreo Humidificateur Silencieux 3L;dreo-humidificateur-silencieux-3l.jpg;;FAUX
Maison;Bien-être;Levoit Purificateur d'air CORE 200S;levoit-purificateur-air-core-200s.jpg;;FAUX
Maison;Bureau;Kingfom Organisateur de Bureau 4 Compartiments (Marron);kingfom-organisateur-bureau.jpg;;FAUX
Maison;Bureau;Teslyar Organisateur de Bureau en Bois — Support Téléphone et Montre;teslyar-organisateur-bureau-bois.jpg;;FAUX
Maison;Bureau;Epson EcoTank ET-2862 — Imprimante à Réservoirs d\;epson-ecotank-et-2862.jpg;;FAUX
Maison;Cuisine;KitchenAid Artisan — Le robot pâtissier de référence;KitchenAidArtisanRobotPâtissier.jpg;https://www.amazon.fr/dp/B01HK9XSMK;FAUX
Maison;Cuisine;Ninja Detect Power Blender Pro & Single Serve;ninja-detect-power-blender-pro.jpg;;FAUX
Maison;Cuisine;Siemens TP725E01 EQ.700 iAroma;siemens-eq700-iaroma.jpg;;FAUX
Maison;Cuisine;Ninja Machine à café Luxe Pro 3-en-1;ninja-machine-cafe-luxe-pro.jpg;;FAUX
Maison;Cuisine;Philips Machine à café grain 5400 LatteGo;philips-5400-machine-a-cafe-grain.jpg;;FAUX
Maison;Cuisine;Silvercrest Monsieur Cuisine Connect;silvercrest-monsieur-cuisine-connect.jpg;;FAUX
Maison;Cuisine;Moulinex I-Companion Touch Pro;moulinex-icompanion-touch-pro.jpg;;FAUX
Maison;Cuisine;Ninja Foodi MAX Dual Zone Air Fryer;ninja-foodi-max-dual-zone.jpg;;FAUX
Maison;Cuisine;Ninja Multicuiseur Foodi MAX 14-en-1;ninja-foodi-max-multicuiseur-ol750.jpg;;FAUX
Maison;Cuisine;Moulinex Cookeo Wi-Fi 10-en-1;moulinex-cookeo-wifi.jpg;;FAUX
Maison;Cuisine;Seb Autocuiseur ClipsoMinut Easy — 6 L, Inox, Bleu;seb-autocuiseur-clipsominut-easy.jpg;;FAUX
Maison;Cuisine;Lot de 3 Planches à Découper en Bambou — Extra Épaisses;larhn-planches-a-decouper-bambou.jpg;;FAUX
Maison;Cuisine;Porte Couteaux Aimanté — 40 cm, 3 Crochets;dmore-porte-couteaux-aimante.jpg;;FAUX
Maison;Cuisine;Masterchef Set 3 Couteaux — Office, Universel, Chef;masterchef-set-couteau-cuisine.jpg;;FAUX
Maison;Cuisine;Poubelle de Cuisine à Poignée Ergonomique — 5 L;yourcasa-poubelle-cuisine.jpg;;FAUX
Maison;Cuisine;Riviera&Bar Réducteur de Biodéchets — 550 W, Cuve 3 L;rivierabar-reducteur-biodechets.jpg;;FAUX
Maison;Entretiens;iRobot Aspirateur robot : 4 modèles testés pendant 3 mois;irobot-roomba-plus-415-combo.jpg;;FAUX
Maison;Entretiens;Dreame L40s Pro Ultra;dreame-l40s-pro-ultra.jpg;;FAUX
Maison;Entretiens;Roborock Qrevo S Pro;roborock-qrevo-s-pro.jpg;;FAUX
Maison;Entretiens;iRobot Roomba Plus 415 Combo + base AutoWash;irobot-roomba-plus-415-combo.jpg;;FAUX
Maison;Entretiens;Xiaomi Robot Vacuum X20+;xiaomi-robot-vacuum-x20-plus.jpg;;FAUX
Maison;Sécurités;Vosker Camera Surveillance Extérieure 4G Solaire;vosker-vkx-camera-surveillance-exterieure.jpg;;FAUX
Maison;Sécurités;Nuki Smart Lock Ultra;nuki-smart-lock-ultra.jpg;;FAUX
Maison;Sécurités;Imou Ranger 2C — caméra de surveillance WiFi 2K;imou-2k-camera-interieure.jpg;;FAUX
;;;;;FAUX
;;;;;FAUX
;;;;;FAUX
;;;;;FAUX
;;;;;FAUX
;;;;;FAUX
;;;;;FAUX
;;;;;FAUX
;;;;;FAUX
;;;;;FAUX
;;;;;FAUX
;;;;;FAUX
;;;;;FAUX
;;;;;FAUX
;;;;;FAUX
;;;;;FAUX
;;;;;FAUX
;;;;;FAUX
;;;;;FAUX
;;;;;FAUX
